"BROKEN","EPIC","FAILED","FEATURE","PASSED","SKIPPED","STORY","UNKNOWN"
"0","An toàn thông tin (Security)","0","SQL Injection","1","0","TC07 - SQL Injection bypass trên Username","0"
"0","An toàn thông tin (Security)","0","Bảo mật Giao thức & Mạng","1","0","TC15 - Kiểm tra mã hóa dữ liệu HTTPS & SSL","0"
"0","Xác thực & Đăng nhập","0","Kiểm thử Ghi nhớ phiên (Persistent Session)","1","0","TC06 - Đăng nhập không chọn 'Giữ tôi luôn đăng nhập'","0"
"0","An toàn thông tin (Security)","0","Bảo vệ dữ liệu người dùng","1","0","TC13 - Che giấu ký tự mật khẩu (Password Masking)","0"
"0","An toàn thông tin (Security)","0","Tính sẵn sàng & Phòng thủ DoS (Resilience)","1","0","TC12 - Khả năng chịu tải và phòng thủ request dồn dập (Anti-DoS / Rate Limit)","0"
"0","Xác thực & Đăng nhập","0","Kiểm thử Chức năng (Functional)","1","0","TC04 - Sai tên, đúng mật khẩu","0"
"0","Xác thực & Đăng nhập","0","Kiểm thử Chức năng (Functional)","1","0","TC03 - Đúng tên, sai mật khẩu","0"
"0","An toàn thông tin (Security)","0","Cross-Site Scripting (XSS)","1","0","TC11 - HTML Event Injection qua thẻ onerror","0"
"0","An toàn thông tin (Security)","0","SQL Injection","1","0","TC09 - Union-based SQL Injection khai thác CSDL","0"
"0","An toàn thông tin (Security)","0","Cross-Site Scripting (XSS)","1","0","TC10 - Reflected XSS qua thẻ <script>","0"
"0","An toàn thông tin (Security)","0","SQL Injection","1","0","TC08 - SQL Injection bypass trên Password","0"
"0","Xác thực & Đăng nhập","0","Kiểm thử Ghi nhớ phiên (Persistent Session)","1","0","TC05 - Đăng nhập có chọn 'Giữ tôi luôn đăng nhập'","0"
"0","Xác thực & Đăng nhập","0","Kiểm thử Chức năng (Functional)","1","0","TC02 - Để trống mật khẩu","0"
"0","An toàn thông tin (Security)","0","Kiểm thử Biên & Chống tràn bộ đệm (Boundary)","1","0","TC14 - Xử lý chuỗi ký tự cực dài 5000 ký tự","0"
"0","Xác thực & Đăng nhập","0","Kiểm thử Chức năng (Functional)","1","0","TC01 - Để trống tên đăng nhập","0"
